Comment,Designator,Footprint,LCSC Part #
100n,"C1,C2,C3,C6,C9,C13,C14,C15",C_0402_1005Metric,C1525
4u7,C4,C_0402_1005Metric,C23733
1u,"C7,C8",C_0402_1005Metric,C52923
15p,"C10,C11",C_0402_1005Metric,C1548
4u7 16V,C12,C_0402_1005Metric,C318563
RED,D1,LED_0402_1005Metric,C264407
1N5819WS,D2,D_SOD-323,C191023
GREEN,D3,LED_0402_1005Metric,C74338
0.5A,F1,Fuse_0805_2012Metric,C22435898
120R@100MHz,FB1,L_0402_1005Metric,C85812
Conn_02x10_Odd_Even,"J1,J3",PinHeader_2x10_P2.54mm_Vertical_NoSilk,C5383109
USB_C_Receptacle_USB2.0_16P,J2,USB_C_Receptacle_GCT_USB4085_EdgeSilk,C7095263
DMP2165UW,Q1,SOT-323_SC-70_NoSilk,C388477
10k,"R1,R8,R10",R_0402_1005Metric,C25744
2k2,R2,R_0402_1005Metric,C25879
1k5,R3,R_0402_1005Metric,C25867
5k1,"R4,R5",R_0402_1005Metric,C25905
330,R6,R_0402_1005Metric,C25104
4k7,"R7,R9,R11",R_0402_1005Metric,C25900
1R,R12,R_0805_2012Metric,C873764
BOOT0/RESET,"SW1,SW2",SW_SPST_B3U-1000P_NoSilk,C231329
STM32F103C8T6,U1,LQFP-48_7x7mm_P0.5mm,C8734
TLV76733DRVR,U2,WSON-6-1EP_2x2mm_P0.65mm_EP1x1.6mm_ThermalVias03,C2848334
USBLC6-2P6,U3,SOT-666,C15999
LSM6DSV,U4,LGA-14_3x2.5mm_P0.5mm_LayoutBorder3x4y_NoSilk,C41785564
8MHz,Y1,Crystal_SMD_3225-4Pin_3.2x2.5mm,C2682775
